Noise level,A fit,k fit,Reduced chi-squared
1,4.714813880431482,0.9183078508212074,0.7906732087457324
2,5.063888701824486,0.7303962597202044,3.6493823840389035
3,5.609395999830129,0.870371954913115,10.410207288348909
4,5.738726731642289,0.7259648899316357,12.626832435376413
5,4.943458472010812,0.6950119351904852,28.538124369084496
